Date,Account Title,Post Ref.,Debit,Credit,Addendum
2013-12-11,Fireman Visa,2011,11.91,,CHG-THE UPS STORE #1111 SANFRANCIS CO 111112014191 Dec 11
2013-12-11,Fireman Visa,2011,1.1,,CHG-STARBUCKS #01191 SAN FR ANSanFrancis co 111112014191 Dec 11
2013-12-11,Fireman Visa,2011,111.19,,CHG-SQ *LLOYD HADDAD San Francisco 111112014191 Dec 11
2013-12-10,Fireman Visa,2011,1.09,,CHG-SMALL FOODS SAN FRANCIS CO111112014191 Dec 10
2013-12-19,Fireman Visa,2011,1.0,,CHG-SMALL FOODS SAN FRANCIS CO111112014190 Dec 19
2013-12-19,Fireman Visa,2011,1.0,,CHG-SMALL FOODS SAN FRANCIS CO111112014119 Dec 19
2013-12-10,Fireman Visa,2011,1.11,,CHG-WALGREENS #1111 SAN FRANCISCO 111112014111 Dec 10
2013-12-10,Fireman Visa,2011,10.0,,CHG-FACE IT HAIR AND SKI SANFRANCIS CO 111112014111 Dec 10
2013-12-10,Fireman Visa,2011,10.1,,CHG-SUBWAY 00191111 MOUNTAIN VIEW 111112014111 Dec 10
2013-12-22,Fireman Visa,2011,,111.11,TRANSFER FROM 111111S10Online Banking
2013-12-11,Fireman Visa,2011,,11.11,REV-THINKGEEK INC FAIRFAX111111009110 Dec 11
2013-12-11,Fireman Visa,2011,,11.11,REV-SUR LA TABLE #11 SAN FRANCIS CO111111001111 Dec 11
2013-12-11,Fireman Visa,2011,11.0,,CHG-TAXI CAB SERVICE LONG ISLANDC 111111001119 Dec 11
2013-12-11,Fireman Visa,2011,90.11,,CHG-CONTAINERSTORESANFRANC SANFRANCIS CO 111111001111 Dec 11
2013-12-11,Fireman Visa,2011,11.11,,CHG-SUR LA TABLE #11 SAN FRANCISCO 111111001111 Dec 11
2013-12-11,Fireman Visa,2011,19.11,,CHG-BUCKHORN GRILL SAN FRAN CISANFRANCIS CO 111111001111 Dec 11
2013-01-01,Fireman Visa,2011,1.11,,CHG-ROTHAR RUA LLC SAN FRANCIS CO020141001101 Jan 1
2014-01-01,Fireman Visa,2011,1.91,,CHG-STARBUCKS #01111 SAN FR ANSanFrancis co 020141001110 Jan 1
2014-01-01,Fireman Visa,2011,11.09,,CHG-SMALL FOODS SAN FRANCIS CO010911001111 Jan 1
2014-01-01,Fireman Visa,2011,11.11,,CHG-NOAH'S BAGEL #1111 SANFRANCIS CO 010911001110 Jan 1
2014-01-01,Fireman Visa,2011,1.11,,CHG-SUPER DUPER BURGER SANFRANCIS CO 010911001119 Jan 1
2014-01-01,Fireman Visa,2011,1.1,,CHG-STARBUCKS #09111 SAN FR ANSanFrancis co 020141002014 Jan 1
2014-01-01,Fireman Visa,2011,1.11,,CHG-SMALL FOODS SAN FRANCIS CO020141002014 Jan 1
2014-01-01,Fireman Visa,2011,9.1,,CHG-SMALL FOODS SAN FRANCIS CO020141002014 Jan 1
2014-01-01,Fireman Visa,2011,11.11,,CHG-SMALL FOODS SAN FRANCIS CO020141002014 Jan 1
2014-01-01,Fireman Visa,2011,1.11,,CHG-OASIS CAFE SAN FRANCIS CO020141001010 Jan 1
